X,Y,Pressure,Duration,Orientation,Size
0.5,0.5,0.5,0.005988023952095809,0,0
0.5,0.5,0.5,0.029940119760479042,0,0
0.11589785248677748,0.5168087699646727,0.5,0.005988023952095809,0.3078783960022985,0.0032480443640265245
0.4906595440620372,0.5020910302978716,0.5,0.005988023952095809,0.008430319501104276,0.003336982243715557
0.5,0.5,0.5,0.03592814371257485,0,0.003336982243715557
0.8919176564485927,0.4753900607222708,0.5,0.005988023952095809,0.3159084306945893,0.0066697415772362
0.5,0.5,0.5,0.005988023952095809,0,0.0066697415772362
0.47502858109026735,0.5149589826982276,0.5,0.005988023952095809,0.034575235953805995,0.00703450215067315
0.5,0.5,0.5,0.2155688622754491,0,0.00703450215067315
0.5,0.5,0.5,0.15568862275449102,0,0.00703450215067315
0.5,0.5,0.5,0.3772455089820359,0,0.00703450215067315
0.5657644283163876,0.55887083513496,0.5,0.005988023952095809,0.12298472173273424,0.008331961918790156
0.5,0.5,0.5,0.23952095808383234,0,0.008331961918790156
0.3576057587263263,0.665111762524029,0.5,0.005988023952095809,0.33202282390418647,0.011834724294822909
0.5408466205387827,0.4410135936949048,0.5,0.005988023952095809,0.11612609493250417,0.013059827170047429
0.23193265274286645,0.139974066249187,0.5,0.005988023952095809,0.7131189514928202,0.020583063685997924
0.5,0.5,0.5,0.19760479041916168,0,0.020583063685997924
0.5,0.5,0.5,0.005988023952095809,0,0.020583063685997924
0.5518490398723628,0.47128840417598256,0.5,0.005988023952095809,0.06820965965308816,0.02130265948578482
0.5,0.5,0.5,0.31137724550898205,0,0.02130265948578482
0.5,0.5,0.5,0.017964071856287425,0,0.02130265948578482
0.605413635972814,0.8538683831442722,0.5,0.005988023952095809,0.673963554787122,0.02841281581409456
0.5,0.47668849849028566,0.5,0.31736526946107785,0.0008311622248866992,0.02887754976816546
0.5531833776494598,0.41015406553302286,0.5,0.005988023952095809,0.1749960153957295,0.030723716400555462
0.4879908502081865,0.403731708119471,0.5,0.005988023952095809,0.18216937540686662,0.03264556028688027
0.5,0.5,0.5,0.2634730538922156,0,0.03264556028688027
0.5123904048421185,0.357165827181845,0.5,0.005988023952095809,0.27009355198109053,0.03549498347039437
0.5,0.5,0.5,0.005988023952095809,0,0.03549498347039437
0.5,0.5,0.5,0.3712574850299401,0,0.03549498347039437
0.5198246038282132,0.7100691600276628,0.5,0.005988023952095809,0.3972809081021284,0.03968620322225648
0.5024430933970474,0.49104270592465005,0.5,0.2155688622754491,0.00047328462125680157,0.0398659526973678
0.4321737699361837,0.5757901683883989,0.5,0.005988023952095809,0.15308908200191668,0.04148100635636701
0.5794891343362893,0.5690043395434369,0.5,0.005988023952095809,0.14498193020545846,0.04301053147863642
0.4849409196036876,0.5390863741469817,0.5,0.005988023952095809,0.07483072900144676,0.04379997799630416
0.41383910357959863,0.5098922304939892,0.5,0.005988023952095809,0.07119206038806514,0.044551037419470585
0.4674037362793634,0.564178861253686,0.5,0.005988023952095809,0.12403159276393604,0.04585954142971991
0.6122760072824216,0.5253337610211919,0.5,0.005988023952095809,0.10151237756080629,0.046930473038097026
0.4862752573807846,0.48906226883350984,0.5,0.005988023952095809,0.02338679856446382,0.047177198239528054
0.5,0.5,0.5,0.005988023952095809,0,0.047177198239528054
0.5002129828434221,0.48971033925368423,0.5,0.2694610778443114,0.0004321121932166739,0.0473823389107843
0.5295239594982113,0.5187342477533797,0.5,0.005988023952095809,0.04251321834194579,0.047830843323647204
0.4748379718647717,0.5221972001328538,0.5,0.005988023952095809,0.046496306872267974,0.04832136837979109
0.5,0.5,0.5,0.10179640718562874,0,0.04832136837979109
0.49904691727320805,0.49927617825653736,0.5,0.20359281437125748,0.000046020563068469966,0.04833787558621779
0.49288967062786226,0.4946313021776414,0.5,0.1317365269461078,0.000528254105778056,0.04846048061941647
0.490147977155477,0.4840457624045113,0.5,0.11377245508982035,0.0016397394125526952,0.048789159026556506
0.49790018529043023,0.4314081703285451,0.5,0.005988023952095809,0.1296283605605365,0.0501567076152321
0.4774121296914613,0.5736152278485468,0.5,0.2754491017964072,0.0030493710762680413,0.05163653426974379
0.7799268310181415,0.07895033528939366,0.5,0.005988023952095809,0.8263628743160548,0.06035446742586879
0.5,0.5,0.5,0.49700598802395207,0,0.06035446742586879
0.2779260151645413,0.7630690017239363,0.5,0.005988023952095809,0.5277085977651843,0.06592166849965492
0.5,0.5,0.5,0.08383233532934131,0,0.06592166849965492
0.5,0.4954729621009397,0.5,0.12574850299401197,0.00040736738433468626,0.06601191872322727
0.5063374182040795,0.4815733234073307,0.5,0.08982035928143713,0.002345696649386157,0.06638311690799846
0.5369336575312736,0.38727733961721506,0.5,0.005988023952095809,0.21503697686312936,0.06865170622711514
0.45329773860984296,0.5456007698381453,0.5,0.005988023952095809,0.09387193974931111,0.06964203302107672
0.5238276903581314,0.565948213587615,0.5,0.005988023952095809,0.12606157108699917,0.07097195282320014
0.5,0.5,0.5,0.011976047904191617,0,0.07097195282320014
0.492046010699059,0.5165721777292219,0.5,0.2215568862275449,0.0008635666435565084,0.07130903851619282
0.5483657070579773,0.47281177003332625,0.5,0.005988023952095809,0.0642384431635281,0.07198673891992487
0.49942220206047366,0.5027573612929902,0.5,0.17365269461077845,0.00018037559553460124,0.07204192359796222
0.4919052794756987,0.5176984366412845,0.5,0.1377245508982036,0.001480939719879797,0.07240126557642114
0.4898009973624064,0.6148184331607198,0.5,0.005988023952095809,0.21712398838255376,0.07469187237416361
0.5,0.47991771628255214,0.5,0.10778443113772455,0.0021082980749212773,0.07509222921582369
0.4775066840182793,0.5070534923351206,0.5,0.005988023952095809,0.022344283239685615,0.07532795612679645
0.4967594235706918,0.5081229080780256,0.5,0.005988023952095809,0.015565724659546615,0.07549217084568842
0.5467022613901571,0.4186102269323126,0.5,0.005988023952095809,0.15824472110591323,0.0771616152795914
0.45101028150664035,0.5713366736737615,0.5,0.005988023952095809,0.14034884154458943,0.07864226241071764
0.4044986659412927,0.5271835473225414,0.5,0.005988023952095809,0.09184864893090597,0.0796112439643998
0.5823484557152926,0.5196235920880417,0.5,0.005988023952095809,0.07540309479843547,0.08040672880604613
0.5386961615289481,0.5453594959236577,0.5,0.005988023952095809,0.09109870023761898,0.08136779857813477
0.5215402332549288,0.4933247354088996,0.5,0.005988023952095809,0.021308398350826728,0.08159259714818227
0.4618757027468526,0.4774007159235571,0.5,0.005988023952095809,0.05241823382887997,0.08214559713509544
0.45768204359075243,0.4983110825985872,0.5,0.005988023952095809,0.033889716082519936,0.08250312563579436
0.5114372855160129,0.4839150527438855,0.5,0.005988023952095809,0.031733959657440455,0.08283791141534878
0.6107510236805154,0.41684090451634903,0.5,0.005988023952095809,0.1802536042738212,0.08473954436868106
0.5,0.5,0.5,0.2275449101796407,0,0.08473954436868106
0.47992597413671073,0.5109176446305612,0.5,0.11976047904191617,0.0013055494720527441,0.08501500914046888
0.5120679260020803,0.4929427380012394,0.5,0.005988023952095809,0.016444552038994822,0.08518849528065521
0.5,0.5,0.5,0.005988023952095809,0,0.08518849528065521
0.5,0.5015783531475511,0.5,0.40119760479041916,0.00004451647798407094,0.08521996104869575
0.49971406786209965,0.5083138773464382,0.5,0.1497005988023952,0.0006284934251023026,0.0853857224786741
0.24027833247341723,0.15755191032762805,0.5,0.005988023952095809,0.6794445059113613,0.09255370154686994
0.5,0.5,0.5,0.24550898203592814,0,0.09255370154686994
0.5,0.5,0.5,0.15568862275449102,0,0.09255370154686994
0.5,0.5,0.5,0.005988023952095809,0,0.09255370154686994
0.49085017158718974,0.7454560059663458,0.5,0.005988023952095809,0.46389403373468435,0.09744767404166696
0.5,0.5,0.5,0.011976047904191617,0,0.09744767404166696
0.5175505855354919,0.46615912438916124,0.5,0.1497005988023952,0.0026184744264854697,0.09813828121106626
0.5228611688208581,0.6030060541362469,0.5,0.005988023952095809,0.19550138699543929,0.10020077467093594
0.5052174929310942,0.47659925802498626,0.5,0.31736526946107785,0.0008380275255258319,0.10066934727192363
0.29081756983357204,0.18400876378202868,0.5,0.005988023952095809,0.6199794633886391,0.10720998418578043
0.5,0.5,0.5,0.005988023952095809,0,0.10720998418578043
0.5,0.5,0.5,0.38922155688622756,0,0.10720998418578043
0.5,0.5,0.5,0.005988023952095809,0,0.10720998418578043
0.41288601170297823,0.5439922873692488,0.5,0.005988023952095809,0.1083271295315687,0.10835280981796139
0.5,0.5,0.5,0.5089820359281437,0,0.10835280981796139
0.5,0.5,0.5,0.011976047904191617,0,0.10835280981796139
0.8930613758503656,0.7941933212512986,0.5,0.005988023952095809,0.6381771751471321,0.11508542829298922
0.49596791080147035,0.5094797206220073,0.5,0.25748502994011974,0.00042325410579726106,0.11527743321968
0.5162318482158388,0.5907293589048732,0.5,0.005988023952095809,0.17193841547123162,0.11709134289500134
0.5,0.4964170592075642,0.5,0.18562874251497005,0.0002184084097135835,0.11716277176632378
0.5,0.48145330411130816,0.5,0.23353293413173654,0.0008986557609705191,0.11753251540174386
0.4811284788985788,0.5302525447591533,0.5,0.005988023952095809,0.05911481866036457,0.11815616277704984
0.47045370348317594,0.507318622449177,0.5,0.005988023952095809,0.027316280504309266,0.11844434308489296
0.6254288856258364,0.1930191757572966,0.5,0.005988023952095809,0.588656093270433,0.12465452584186246
0.5089592191873147,0.8436544592448096,0.5,0.005988023952095809,0.6494409549017198,0.1315059745330554
0.6179946500404281,0.24987938464384019,0.5,0.005988023952095809,0.48192248679032335,0.13659014294968336
0.4096454444234985,0.7212482095030408,0.5,0.005988023952095809,0.42425203028379355,0.14106590167060315
0.4935188471413836,0.3292584735573715,0.5,0.005988023952095809,0.322690564214484,0.1444702109109747
0.5232558626816444,0.7184332976257757,0.5,0.005988023952095809,0.41318825036741597,0.14882924936678713
0.5373617505532238,0.2469840976699897,0.5,0.005988023952095809,0.4790495656510364,0.1538831091439135
0.47369424331317045,0.6687309011593077,0.5,0.005988023952095809,0.3195387474294168,0.15725416746158924
0.5270682667874396,0.3303844381152584,0.5,0.005988023952095809,0.32124716637342726,0.16064324919563502
0.5040030499306045,0.6715457532006419,0.5,0.005988023952095809,0.3241846422890064,0.16406332060682588
0.5156309812714267,0.3956088000414454,0.5,0.005988023952095809,0.1976606476945959,0.16614859375710395
0.4454822479741296,0.6009329601411783,0.5,0.005988023952095809,0.19562236271162317,0.1682123634822077
0.5426991748602389,0.3352098864870438,0.5,0.005988023952095809,0.3132581338424153,0.17151716280987706
0.4849409562030013,0.6059192783779961,0.5,0.005988023952095809,0.20051476554539868,0.17363254622940408
0.5331681279964373,0.4264918610958507,0.5,0.005988023952095809,0.14140257940277612,0.17512431004606555
0.483225290176972,0.6658355842674917,0.5,0.005988023952095809,0.31366371498056855,0.17843338815895352
0.4374761481129206,0.39649349068484474,0.5,0.005988023952095809,0.20184781361467408,0.1805628349207761
0.5,0.49951745217102494,0.5,0.1497005988023952,0.00003647470400795272,0.18057245490859603
0.5147255051018665,0.45498388897182357,0.5,0.10778443113772455,0.004770722032507979,0.18147839474134206
0.4755528022095225,0.5671329061464795,0.5,0.005988023952095809,0.1283492320895759,0.18283244882674976
0.49898067022804227,0.4845964633586595,0.5,0.30538922155688625,0.0005709668472016149,0.18313965066157536
0.45374524070531375,0.5233655758194293,0.5,0.005988023952095809,0.05752851554317216,0.18374656291364327
0,0.6855396402409193,0.5,0.005988023952095809,0.5308878332948088,0.18934730417140463
0.4988562714483987,0.5,0.5,0.005988023952095809,0.0009118676001988181,0.18935692415922456
0.6749904638200824,0.09948530195068134,0.5,0.005988023952095809,0.7696016682084086,0.1974760399966056
0.5,0.5,0.5,0.7844311377245509,0,0.1974760399966056
0.5,0.5,0.5,0.005988023952095809,0,0.1974760399966056
0.8271063840576245,0.5332958001992807,0.5,0.005988023952095809,0.2682766692406485,0.20030629549631399
0.5,0.5,0.5,0.017964071856287425,0,0.20030629549631399
0.5,0.5,0.5,0.25748502994011974,0,0.20030629549631399
0.5878764892478033,0.5561363871430809,0.5,0.005988023952095809,0.1271288717860477,0.20164747506874048
0.5,0.5,0.5,0.18562874251497005,0,0.20164747506874048
0.5186808752766119,0.6514395843307554,0.5,0.005988023952095809,0.286561739797619,0.20467063374431166
0.5,0.5,0.5,0.005988023952095809,0,0.20467063374431166
0.5,0.47737744843233954,0.5,0.23353293413173654,0.0010961459882741773,0.20512163291469246
0.49580630424458616,0.531871424203573,0.5,0.005988023952095809,0.060319967327788035,0.20575799432381137
0.5198246770268405,0.3576483605343852,0.5,0.005988023952095809,0.26946494908885055,0.20860078589527387
0.15592831519350875,0.20387648743280107,0.5,0.005988023952095809,0.6232049460654967,0.2151754508895867
0.5,0.5,0.5,0.41916167664670656,0,0.2151754508895867
0.7950819297138179,0.867299347258989,0.5,0.005988023952095809,0.7328708642278704,0.22290706541994437
0.5,0.5,0.5,0.1317365269461078,0,0.22290706541994437
0.4982971139968064,0.4915682545557607,0.5,0.11976047904191617,0.0007995577323694613,0.22307576832473128
0.3183250992959966,0.13920220686934992,0.5,0.005988023952095809,0.6970134049881105,0.23042909512881685
0.5,0.5,0.5,0.38922155688622756,0,0.23042909512881685
0.6852840253594082,0.891024595893319,0.5,0.005988023952095809,0.7535382364756068,0.23837874555523003
0.513648023595431,0.4736964307587603,0.5,0.20958083832335328,0.0014537936471076729,0.23891554684208247
0.5031266862275969,0.5610470129274456,0.5,0.005988023952095809,0.11538708755314604,0.24013285336399132
0.5087685367631916,0.5023323341303246,0.5,0.005988023952095809,0.008264289201949932,0.2402200396632368
0.4904689531361984,0.5002412739144876,0.5,0.005988023952095809,0.00761254297596857,0.24030035019372564
0.49904691727320805,0.4985523565130748,0.5,0.005988023952095809,0.002839176892029463,0.24033030283938825
0.5,0.5,0.5,0.1317365269461078,0,0.24033030283938825
0.5,0.4980616208125376,0.5,0.1317365269461078,0.00016649740773798033,0.24036894602262132
0.5,0.47416171978208427,0.5,0.1497005988023952,0.0019530574306483557,0.24088405338827343
0.5487990360692366,0.372315824507981,0.5,0.005988023952095809,0.24440061803262397,0.24346242218671144
0.47884102179537624,0.6329418969646698,0.5,0.005988023952095809,0.2517852308964997,0.24611869690678756
0.49580637744321354,0.5286311908094666,0.5,0.005988023952095809,0.0542073912859273,0.24669057208231474
0.4651162791761608,0.48536269623081074,0.5,0.005988023952095809,0.03922476231604634,0.2471043840607621
0.5,0.5,0.5,0.005988023952095809,0,0.2471043840607621
0.5,0.4837696166886151,0.5,0.19760479041916168,0.0009294076774445063,0.24742795010000856
0.522302706756225,0.39342199075519174,0.5,0.005988023952095809,0.20218322383730242,0.24956093536046367
0.19634003295054503,0.22084606549638408,0.5,0.005988023952095809,0.580418271393302,0.25568421104221356
0.5,0.5,0.5,0.011976047904191617,0,0.25568421104221356
0.5,0.5,0.5,0.2934131736526946,0,0.25568421104221356
0.49390013879100225,0.4922792347363987,0.5,0.005988023952095809,0.015379079401123904,0.25584645669771044
0.5,0.5,0.5,0.281437125748503,0,0.25584645669771044
0.730461303147659,0.7063696163778335,0.5,0.005988023952095809,0.4310935632770382,0.2603943919758962
0.5018883324380073,0.4986060785628746,0.5,0.18562874251497005,0.00009787013757783076,0.26042639968783604
0.5399076376975749,0.48395183832998395,0.5,0.32934131736526945,0.0007991773931510213,0.26089011198910916
0.23288950519896462,0.6221549619947344,0.5,0.005988023952095809,0.3140658141563997,0.2642034321533355
0.5361547783876331,0.4792378971105181,0.5,0.19760479041916168,0.0014752965873185047,0.2647170451619832
0.7288089905335601,0.3979536804153233,0.5,0.005988023952095809,0.26545120044253223,0.2675174926331822
0.49377797485694863,0.5027152744364427,0.5,0.2215568862275449,0.00019289008724913105,0.2675927855931604
0.4699146116052928,0.5127881650470262,0.5,0.09580838323353294,0.0021280561765861556,0.2679519934342012
0.07119113893651202,0.4939062431815453,0.5,0.005988023952095809,0.3420729942881758,0.27156078273416584
0.49563506749329755,0.485937312255363,0.5,0.20958083832335328,0.0007657449084437119,0.2718435277118118
0.6034880705955377,0.47899756609448835,0.5,0.005988023952095809,0.09155772161198408,0.2728094400509897
0.5,0.5,0.5,0.005988023952095809,0,0.2728094400509897
0.5,0.5029797849590867,0.5,0.17365269461077845,0.00019416830734236357,0.27286884451473653
0.4997967205496097,0.5234400030314748,0.5,0.1317365269461078,0.0020133964971255965,0.27333614338032436
0.4506417149808869,0.5640579299422666,0.5,0.005988023952095809,0.12728576182127888,0.27467897810556874
0.5,0.5,0.5,0.11976047904191617,0,0.27467897810556874
0.5,0.47996701915933415,0.5,0.11976047904191617,0.0018928099006067793,0.27507835205383324
0.8507434285909465,0.47177819794315756,0.5,0.005988023952095809,0.2846793707648112,0.2780816521806806
0.4985658719067758,0.5122908319525713,0.5,0.6347305389221557,0.00021937769058018826,0.278326976759988
0.5569049262465728,0.4531265633431941,0.5,0.005988023952095809,0.0995194791330498,0.27937688376062914
0.4876803828053973,0.5205529029640907,0.5,0.8143712574850299,0.0002945693553700383,0.2797995224101249
0.1966505552523048,0.5236002233871293,0.5,0.005988023952095809,0.24593074396545164,0.2823940336757737
0.5,0.5,0.5,0.017964071856287425,0,0.2823940336757737
0.5,0.5,0.5,0.49700598802395207,0,0.2823940336757737
0.5,0.5,0.5,0.023952095808383235,0,0.2823940336757737
0.8875333880669969,0.5562168220755972,0.5,0.005988023952095809,0.3267239500774766,0.2858408941844068
0.5,0.5,0.5,0.0658682634730539,0,0.2858408941844068
0.5,0.5,0.5,0.017964071856287425,0,0.2858408941844068
0.2098741663442648,0.7020266714406229,0.5,0.005988023952095809,0.4463762186361991,0.29055005786721994
0.5,0.5,0.5,0.005988023952095809,0,0.29055005786721994
0.5136487921810178,0.4835129688002964,0.5,0.1437125748502994,0.0013750481196262755,0.29089821225699536
0.48768554559607913,0.5218755212038155,0.5,0.005988023952095809,0.04248795933611632,0.29134645019331235
0.5257018863112409,0.4683173658788439,0.5,0.23353293413173654,0.0016225675544348469,0.29201404066827186
0.6673976296838806,0.3884463339301073,0.5,0.005988023952095809,0.24949897763641285,0.2946461959564145
0.2487609736980222,0.15280683705242798,0.5,0.005988023952095809,0.6859849046096507,0.3018831746861855
0.5,0.5,0.5,0.2634730538922156,0,0.3018831746861855
0.5,0.5,0.5,0.011976047904191617,0,0.3018831746861855
0.5487990726685503,0.9330866765051368,0.5,0.005988023952095809,0.8193254422834657,0.3105268645964463
0.5038437148186238,0.4800355264746138,0.5,0.1437125748502994,0.0015771249440550458,0.3109261836927455
0.4647037500123409,0.5780310819023329,0.5,0.005988023952095809,0.15011608655387929,0.31250987295192106
0.6868090089613145,0.23668972532667182,0.5,0.005988023952095809,0.5193883813781046,0.3179892977078673
0.4022112088380901,0.28783979423293493,0.5,0.005988023952095809,0.40842818194761177,0.32229811856606955
0.5,0.5,0.5,0.4491017964071856,0,0.32229811856606955
0.5099123019141065,0.8010294103479354,0.5,0.005988023952095809,0.5689082779384315,0.32829996653526633
0.5050723286158678,0.4774845672947024,0.5,0.2275449101796407,0.001124711303716611,0.3287508532029503
0.5269520708289681,0.5584652758819068,0.5,0.005988023952095809,0.11255176005455406,0.3299382476893881
0.443957300971537,0.5359498132586437,0.5,0.005988023952095809,0.0813110350104742,0.33079605990495187
0.4898970522610841,0.502573549173977,0.5,0.005988023952095809,0.009409110289602254,0.3308953237962917
0.43919177753963623,0.5188998292154142,0.5,0.005988023952095809,0.06021591046031398,0.3315305874300346
0.5,0.4940054974793915,0.5,0.38922155688622756,0.0001742734422333956,0.3316500927676865
0.5005413244360157,0.4694207703606306,0.5,0.10778443113772455,0.0032103883209574505,0.33225973186187807
0.5347236514381284,0.5747754156635603,0.5,0.005988023952095809,0.14398908615353223,0.33377878271388656
0.49570058026473324,0.4638821317391505,0.5,0.18562874251497005,0.0022044429938729094,0.33449972965523156
0.31196239554109834,0.2955677755167707,0.5,0.005988023952095809,0.41438401480507253,0.3388713831434492
0.5,0.512977898027901,0.5,0.24550898203592814,0.0005981524964222035,0.3391301082137121
0.4992375081990469,0.5438019068091875,0.5,0.005988023952095809,0.08277442043448308,0.34000335879988114
0.501715592827402,0.4786390706962905,0.5,0.23952095808383234,0.0010097195354520634,0.3404294509049405
0.49370949296619293,0.5183047724648265,0.5,0.005988023952095809,0.034952105195736854,0.3407981873598719
0.51982462212787,0.4235966040399656,0.5,0.005988023952095809,0.14524159452323354,0.3423304518793671
0.5068147281530622,0.5243344121881497,0.5,0.19161676646706588,0.0014470140389357892,0.3428189528828657
0.4756481068222703,0.4537900965260002,0.5,0.005988023952095809,0.08945490296272526,0.34376268098193125
0.5057476820259316,0.5089626242986688,0.5,0.20958083832335328,0.0005013029057241901,0.3439477829360022
0.4586061144991045,0.4651406319186481,0.5,0.005988023952095809,0.07367820341434375,0.34472507058092605
0.5049561601068817,0.622567148559671,0.5,0.005988023952095809,0.2316480744317682,0.3471689030562326
0.5083873366118572,0.4367862344042642,0.5,0.005988023952095809,0.11964167770243375,0.34843109449938003
0.487800222683034,0.464774008484819,0.5,0.005988023952095809,0.06727320071335956,0.3491408108785229
0.503066336246843,0.5085815697894664,0.5,0.2275449101796407,0.000431573140624758,0.34931382467734856
0.49845864735506323,0.5857565307751622,0.5,0.005988023952095809,0.16205823669804145,0.35102350080008377
0.5406023635818457,0.41322182571700133,0.5,0.005988023952095809,0.16714876390425157,0.3527868807825791
0.5,0.5,0.5,0.005988023952095809,0,0.3527868807825791
0.5003812367506482,0.5212889466789656,0.5,0.23353293413173654,0.0010315573585972476,0.3532113055561989
0.6326725119857491,0.31142779564865203,0.5,0.005988023952095809,0.371711631912167,0.35713277548313205
0.5,0.5,0.5,0.005988023952095809,0,0.35713277548313205
0.4891345787597878,0.4969438586026476,0.5,0.005988023952095809,0.01041132579368854,0.35724261251133965
0.5,0.5,0.5,0.09580838323353294,0,0.35724261251133965
0.5,0.5,0.5,0.09580838323353294,0,0.35724261251133965
0.5,0.5,0.5,0.11976047904191617,0,0.35724261251133965
0.496859213886819,0.5017442144873263,0.5,0.08982035928143713,0.00027595658846682784,0.3572862816638456
0.4949477758446122,0.502620084156412,0.5,0.08982035928143713,0.0004255134552266693,0.3573536176606878
0.4957676324947995,0.501289306997995,0.5,0.08383233532934131,0.0002972867825014251,0.357397525935491
0.4979522981381554,0.49997612932399627,0.5,0.11377245508982035,0.00008595826811719146,0.35741475588460914
0.5001764727405978,0.5,0.5,0.6946107784431138,0.0000012129096831057404,0.3574162402102498
0.2115897843336949,0.7165835557188265,0.5,0.005988023952095809,0.46944747045863955,0.3623688001508905
0.5,0.5,0.5,0.005988023952095809,0,0.3623688001508905
0.8265345129194526,0.48616695194169396,0.5,0.005988023952095809,0.2616472708875481,0.3651291170636851
0.5,0.5,0.5,0.5868263473053892,0,0.3651291170636851
0.5,0.5,0.5,0.029940119760479042,0,0.3651291170636851
0.7945100654380173,0.543670578522245,0.5,0.005988023952095809,0.2488855435733431,0.36775480076734146
0.5,0.5,0.5,0.005988023952095809,0,0.36775480076734146
0.5110560670650216,0.5444748351982238,0.5,0.005988023952095809,0.0845048089964038,0.36864630654416075
0.5,0.4982344173297109,0.5,0.2934131736526946,0.0000680900097458188,0.3686815048867154
0.5002196850927345,0.49162327176393356,0.5,0.08982035928143713,0.0010553613119264743,0.3688485120755467
0.4328721946385903,0.5262272282445046,0.5,0.005988023952095809,0.07294286684960027,0.3696180420933821
0.5,0.5,0.5,0.281437125748503,0,0.3696180420933821
0.5,0.5,0.5,0.005988023952095809,0,0.3696180420933821
0.5068623713096078,0.49260094358340245,0.5,0.005988023952095809,0.015014294128632885,0.36977643935040816
0.5,0.5,0.5,0.24550898203592814,0,0.36977643935040816
0.5674799845444758,0.4336496735159261,0.5,0.005988023952095809,0.1364369993711931,0.37121581747049226
0.5,0.5,0.5,0.47904191616766467,0,0.37121581747049226
0.4422417081441351,0.5592729480314189,0.5,0.005988023952095809,0.12110436849274617,0.3724934399560236
0.5,0.5,0.5,0.40718562874251496,0,0.3724934399560236
0.14410979292684778,0.525816308850167,0.5,0.005988023952095809,0.28790614495986094,0.3755307817885388
0.5,0.5,0.5,0.2215568862275449,0,0.3755307817885388
0.5059092702831589,0.44322019516291156,0.5,0.005988023952095809,0.10739982620234677,0.3766638245896042
0.49785179184795486,0.49591248114000513,0.5,0.10179640718562874,0.0004653979264864673,0.37674729183914263
0.48730355855950114,0.48622886089796014,0.5,0.10179640718562874,0.0016425096914562632,0.3770418693576139
0.5314287135907626,0.5269466626631062,0.5,0.005988023952095809,0.056752212837321736,0.37764059179948
0.5,0.5,0.5,0.10778443113772455,0,0.37764059179948
0.4924242806178444,0.48435677895672063,0.5,0.10179640718562874,0.0017748019924164122,0.37795889541097377
0.3863404929124194,0.40530060718995675,0.5,0.005988023952095809,0.20058850418354693,0.38007505675571784
0.5585944992494258,0.5361703530580159,0.5,0.2155688622754491,0.002299729731792893,0.3809484745546946
0.5959994827419002,0.31054029175140974,0.5,0.005988023952095809,0.3661106246036337,0.38481085517735186
0.5,0.5,0.5,0.2155688622754491,0,0.38481085517735186
0.5071356515222702,0.5017005361880389,0.5,0.1377245508982036,0.0002840838666409457,0.3848797865844285
0.5005844979013816,0.49998838121337397,0.5,0.11377245508982035,0.000024553854294209423,0.3848847082943397
0.5,0.5,0.5,0.2155688622754491,0,0.3848847082943397
0.5,0.5,0.5,0.08383233532934131,0,0.3848847082943397
0.6830918911686104,0.9036512734140916,0.5,0.005988023952095809,0.776619480615811,0.3930778603951729
0.5025078741822101,0.4852750462431557,0.5,0.2275449101796407,0.0007341420530857916,0.3933721713555311
0.4298215320478184,0.5902436889914447,0.5,0.005988023952095809,0.17947719982185206,0.395265613425264
0.5,0.4942263905037744,0.5,0.25149700598802394,0.0002597703234531739,0.39538071507881145
0.5025599847424781,0.4797508985329798,0.5,0.10778443113772455,0.0021288330283386254,0.3957849714208276
0.5239363811698471,0.05063265001383821,0.5,0.005988023952095809,0.8493810733952039,0.40474574114086825
0.5,0.5,0.5,0.005988023952095809,0,0.40474574114086825
0.5,0.5,0.5,0.3772455089820359,0,0.40474574114086825
0.475981700416373,0.8823387349717674,0.5,0.005988023952095809,0.7227568258238544,0.4123706549547669
0.5042971848896769,0.48987686264908104,0.5,0.25149700598802394,0.00046271436211182455,0.412575679098754
0.4392788610315551,0.5333658381562737,0.5,0.005988023952095809,0.07949296246393925,0.41341431107833865
0.49256576441459166,0.4852018862017092,0.5,0.005988023952095809,0.028585150573018792,0.41371587766572876
0.4656881434519614,0.5338587530428066,0.5,0.005988023952095809,0.06958544887525145,0.4144499877168797
0.6997712780792337,0.33376230283604946,0.5,0.005988023952095809,0.352208384491747,0.4181657029897459
0.4911152306790233,0.5132860868498323,0.5,0.2155688622754491,0.0007246331133236592,0.4184409124850858
0.4881070095673442,0.506498374138146,0.5,0.005988023952095809,0.015514675202143113,0.41860458864425887
0.7718261402308009,0.2285668307599854,0.5,0.005988023952095809,0.5568306829233013,0.4244790208384963
0.5,0.5,0.5,0.005988023952095809,0,0.4244790208384963
0.5,0.5,0.5,0.005988023952095809,0,0.4244790208384963
0.4683568922047827,0.4967830196206763,0.5,0.005988023952095809,0.025950386720168393,0.42475279128950943
0.5,0.5,0.5,0.5748502994011976,0,0.42475279128950943
0.47884102179537624,0.49823066310760156,0.5,0.005988023952095809,0.017197696414568524,0.4249342229249827
0.5,0.5,0.5,0.3772455089820359,0,0.4249342229249827
0.18566525753514218,0.851294833970295,0.5,0.005988023952095809,0.7095697661540304,0.4324200163738449
0.5,0.5,0.5,0.19760479041916168,0,0.4324200163738449
0.5067432085192735,0.48080234805511635,0.5,0.11377245508982035,0.0019302044119714264,0.4328069171866965
0.511714282846468,0.48487861679502653,0.5,0.08982035928143713,0.002004156609402154,0.4331240678700988
0.5144797818849264,0.4843784569353895,0.5,0.09580838323353294,0.0019810619205552858,0.4334584636361882
0.5162214494358477,0.48623042242273473,0.5,0.10179640718562874,0.0017092432056820478,0.43376500954250025
0.5187464246473613,0.4862486530797134,0.5,0.09580838323353294,0.0018735920112682102,0.43408126479401277
0.5219214517059201,0.48588482842329234,0.5,0.10179640718562874,0.0018758426065530202,0.4344176896339729
0.5266870117371345,0.4867588566898627,0.5,0.09580838323353294,0.0020528115991661836,0.4347641964746818
0.5239743552452173,0.48868463076293656,0.5,0.10179640718562874,0.001687083889524745,0.43506676819661094
0.5,0.5,0.5,1,0,0.43506676819661094
0.5327869095454459,0.520508282731441,0.5,0.005988023952095809,0.04674625907643178,0.4355599301894758
0.5,0.506663601410074,0.5,0.09580838323353294,0.0007870103570084962,0.4356927745637588
0.5,0.5281797441531646,0.5,0.23952095808383234,0.0013312771362862037,0.43625456093858966
0.49954129393963764,0.5174150758702494,0.5,0.09580838323353294,0.0020569494657799356,0.4366017662355467
0.49969619595975234,0.5162501455751728,0.5,0.08982035928143713,0.002047250215756314,0.4369257363294887
0.49980939077450437,0.5175950884076572,0.5,0.08982035928143713,0.0022166450192709925,0.4372765125509796
0.5000945543268179,0.5177835841358984,0.5,0.11377245508982035,0.0017687164078311072,0.4376310438180566
0.5016672153971263,0.516297946763111,0.5,0.08982035928143713,0.0020551199137137893,0.43795625926382076
0.5098661616168779,0.5212817615417922,0.5,0.08982035928143713,0.0027318714677090415,0.43838856824550737
0.5,0.5,0.5,0.9101796407185628,0,0.43838856824550737
0.26858557752623535,0.09996783530322151,0.5,0.005988023952095809,0.7781281163126142,0.44659763609663683
0.5,0.5,0.5,0.16766467065868262,0,0.44659763609663683
0.5027386923286657,0.5,0.5,0.20359281437125748,0.00006422042131482509,0.44662067144607126
0.5020625726204725,0.5,0.5,0.09580838323353294,0.0001027775090860098,0.4466380199012261
0.5004407998461584,0.5,0.5,0.10778443113772455,0.000019524402462345315,0.44664172750225184
0.5,0.5,0.5,0.10778443113772455,0,0.44664172750225184
0.5,0.5,0.5,0.005988023952095809,0,0.44664172750225184
0.5477506670293537,0.9334083699106099,0.5,0.005988023952095809,0.8198934216235971,0.45529140946040736
0.5,0.48812827531332836,0.5,0.20359281437125748,0.0006598212806270192,0.45552808205539136
0.47350363408767476,0.06889281768754568,0.5,0.005988023952095809,0.8149343820940003,0.46412544731772076
0.5,0.5,0.5,0.005988023952095809,0,0.46412544731772076
0.5,0.5,0.5,0.17964071856287425,0,0.46412544731772076
0.5019508783775802,0.5005218223967753,0.5,0.20958083832335328,0.000052617972612258914,0.4641448760691574
0.5041936957554138,0.5012333777744254,0.5,0.1437125748502994,0.0001698212451473127,0.46418787384583976
0.500145932900813,0.5001347736784414,0.5,0.10179640718562874,0.000016470530404450514,0.46419082776933845
0.5,0.5,0.5,0.09580838323353294,0,0.46419082776933845
0.5,0.5,0.5,0.1437125748502994,0,0.46419082776933845
0.5,0.5,0.5,0.011976047904191617,0,0.46419082776933845
0.5131528783434148,0.4911130826302191,0.5,0.005988023952095809,0.019798727082219282,0.46439969966405176
0.5,0.5,0.5,0.2155688622754491,0,0.46439969966405176
0.5,0.5,0.5,0.25149700598802394,0,0.46439969966405176
0.5,0.5,0.5,0.2155688622754491,0,0.46439969966405176
0.5,0.5,0.5,0.1377245508982036,0,0.46439969966405176
0.5,0.5,0.5,0.005988023952095809,0,0.46439969966405176
0.23427373012802521,0.510937745642925,0.5,0.005988023952095809,0.21286309663692737,0.46664535506020255
0.5,0.5,0.5,0.20958083832335328,0,0.46664535506020255
0.8377811686228558,0.4749879478258119,0.5,0.005988023952095809,0.2734211416829501,0.46952988352917113
0.5,0.5,0.5,0.49700598802395207,0,0.46952988352917113
0.47826915751957555,0.5163261912526366,0.5,0.005988023952095809,0.03538343574366461,0.46990317041951285
0.5,0.5,0.5,0.005988023952095809,0,0.46990317041951285
0.5,0.5,0.5,0.6706586826347305,0,0.46990317041951285
0.475981700416373,0.838426882535035,0.5,0.005988023952095809,0.6398097813100695,0.4766530125039757
0.5024952039573154,0.4859966878355271,0.5,0.23353293413173654,0.0006804267764820526,0.47693296783381406
0.4761552086125651,0.5620972261620445,0.5,0.005988023952095809,0.11887472955427467,0.47818706815513395
0.5413648370831419,0.4801351339974708,0.5,0.005988023952095809,0.04996766624439737,0.47871421523279856
0.6519252515381616,0.35386844275306617,0.5,0.005988023952095809,0.3015411226885473,0.48189540286008326
0.4852447236439353,0.5192158237310271,0.5,0.20958083832335328,0.0010905738338436249,0.4822980882333338
0.03477054888365827,0.2673371814384844,0.5,0.005988023952095809,0.5752227148930599,0.4883665520210771
0.5,0.5,0.5,0.2215568862275449,0,0.4883665520210771
0.5,0.5,0.5,0.4550898203592814,0,0.4883665520210771
0.7295082112710386,0.5059514129296723,0.5,0.005988023952095809,0.1833267278875129,0.49030060570273265
0.5,0.5,0.5,0.2155688622754491,0,0.49030060570273265
0.5,0.5,0.5,0.17365269461077845,0,0.49030060570273265
0.5,0.5,0.5,0.12574850299401197,0,0.49030060570273265
0.7022493078086182,0.6752452814089407,0.5,0.005988023952095809,0.3683313517605838,0.494186414472411
0.5,0.5,0.5,0.20359281437125748,0,0.494186414472411
0.5,0.5,0.5,0.32934131736526945,0,0.494186414472411
0.6372474627914679,0.5652243918441524,0.5,0.005988023952095809,0.16481875383751501,0.495925213398997
0.5,0.5,0.5,0.2754491017964072,0,0.495925213398997
0.4302325583523216,0.4373492171657555,0.5,0.005988023952095809,0.13080672836749432,0.49730519348973257
0.5,0.5,0.5,0.09580838323353294,0,0.49730519348973257
0.5,0.5,0.5,0.20359281437125748,0,0.49730519348973257
0.5529927318246505,0.5598359307929103,0.5,0.005988023952095809,0.12070721702101046,0.49857862612103515
0.5,0.5,0.5,0.2634730538922156,0,0.49857862612103515
0.5163934181734093,0.5260575827646544,0.5,0.005988023952095809,0.05094593618728099,0.49911609371555227
0.5,0.5,0.5,0.0718562874251497,0,0.49911609371555227
0.5,0.49959785622048003,0.5,0.20359281437125748,0.000022350840387745004,0.4991241107825217
0.5,0.4935380891060027,0.5,0.08383233532934131,0.0008722166008057689,0.4992529342904957
0.5040954060111462,0.49400929706099683,0.5,0.0718562874251497,0.000981839176447828,0.4993772323475799
0.38248485815483085,0.5421293053149681,0.5,0.005988023952095809,0.12294789503972399,0.5006743036027833
0.5,0.5,0.5,0.2215568862275449,0,0.5006743036027833
0.5,0.5,0.5,0.10179640718562874,0,0.5006743036027833
0.5,0.5,0.5,0.32934131736526945,0,0.5006743036027833
0.5,0.5,0.5,0.005988023952095809,0,0.5006743036027833
0.5,0.5,0.5,0.2754491017964072,0,0.5006743036027833
0.5385055157041387,0.4315586432180545,0.5,0.005988023952095809,0.13292681600635292,0.502076650117393
0.5,0.5,0.5,0.3772455089820359,0,0.502076650117393
0.468738110655774,0.5632137655957359,0.5,0.005988023952095809,0.12202720415074671,0.5033640083011636
0.5,0.5,0.5,0.2215568862275449,0,0.5033640083011636
0.2622950704924283,0.67564740974693,0.5,0.005988023952095809,0.38221362993640934,0.507396271826922
0.5,0.5,0.5,0.17365269461077845,0,0.507396271826922
0.4962144026039973,0.4912632457240222,0.5,0.10179640718562874,0.0009872587711601832,0.5075733327236767
0.5319975927350435,0.43740008060221636,0.5,0.005988023952095809,0.12101420179276612,0.5088500039718185
0.4982844071725981,0.48814777217581035,0.5,0.41916167664670656,0.00032055439636186897,0.5090867280940012
0.5947388239580973,0.42877359622592465,0.5,0.005988023952095809,0.15434164352624696,0.5107149959812559
0.492406429302611,0.5083349357336946,0.5,0.25748502994011974,0.0003924176571055998,0.5108930122661607
0.3789241086422444,0.16176320367085062,0.5,0.005988023952095809,0.6464122322179361,0.5177125086483544
0.5,0.5,0.5,0.281437125748503,0,0.5177125086483544
0.5,0.5,0.5,0.005988023952095809,0,0.5177125086483544
0.2649637917957643,0.5237252631107647,0.5,0.005988023952095809,0.1926774443410224,0.5197452101801703
0.5,0.5,0.5,0.25748502994011974,0,0.5197452101801703
0.5,0.5,0.5,0.005988023952095809,0,0.5197452101801703
0.77525735333509,0.6575518661603645,0.5,0.005988023952095809,0.3698662466517357,0.5236472117284434
0.5,0.5,0.5,0.31137724550898205,0,0.5236472117284434
0.4864658666062802,0.3202509337067817,0.5,0.005988023952095809,0.3398420298335052,0.5272324648803138
0.5,0.5,0.5,0.19760479041916168,0,0.5272324648803138
0.5892108270249002,0.8132539759373449,0.5,0.005988023952095809,0.5962117763203542,0.5335223583089814
0.5008913030853487,0.488557689800855,0.5,0.24550898203592814,0.0005276618435706899,0.5337505933299326
0.4348692887994837,0.5712782110740898,0.5,0.005988023952095809,0.14435685340780363,0.5352735240396155
0.5,0.5,0.5,0.1317365269461078,0,0.5352735240396155
0.5,0.4934570355471698,0.5,0.12574850299401197,0.0005887713720041014,0.5354039634169435
0.5025793229048285,0.48223084790457044,0.5,0.09580838323353294,0.0021025729484053816,0.5357588697853641
0.4876989844065605,0.5632376806661399,0.5,0.005988023952095809,0.11990161341829025,0.5370238034889231
0.5007140617591641,0.4796820978286202,0.5,0.2155688622754491,0.0010666342380974071,0.5374289021036311
0.3742382710659908,0.5561068465300867,0.5,0.005988023952095809,0.1459269942221398,0.5389683974280741
0.5850171678688001,0.4859257079451718,0.5,0.005988023952095809,0.07281328794880859,0.5397365604191098
0.5024765657568385,0.48485911896744893,0.5,0.2275449101796407,0.0007547283638807644,0.5400391242467091
0.4679771011270237,0.5268024339425038,0.5,0.005988023952095809,0.05671945341928718,0.5406375010844519
0.47636293716702116,0.49364647320877314,0.5,0.005988023952095809,0.022344875452730225,0.5408732342431324
0.6725123837666416,0.3290976345754002,0.5,0.005988023952095809,0.35102133844792116,0.5445764264605892
0.46816624637997334,0.659723301472787,0.5,0.005988023952095809,0.30289333583478034,0.5477718796172051
0.5008883019416293,0.4705702369279799,0.5,0.2275449101796407,0.0014636249391738422,0.5483586337196867
0.4880556309933492,0.48125544405989784,0.5,0.005988023952095809,0.036679248967219615,0.5487455911334957
0.525733892411029,0.44635675701634525,0.5,0.005988023952095809,0.1034247696063705,0.5498366980262905
0.5091498284128103,0.48270868220635216,0.5,0.005988023952095809,0.0334797108290643,0.5501899010683993
0.5457491420640515,0.45254947377847055,0.5,0.005988023952095809,0.09680169404114553,0.551211136078199
0.5259245382358383,0.4703233085180324,0.5,0.005988023952095809,0.05976753908790186,0.551841669499858
0.36789935229005155,0.5957857440515539,0.5,0.005988023952095809,0.20941709977105344,0.554050970442939
0.505527996933197,0.5414187082773063,0.5,0.005988023952095809,0.07839266412042273,0.5548779945348647
0.5318337902193403,0.47675724032381006,0.5,0.005988023952095809,0.05072747121659508,0.5554131573755375
0.4382386582135306,0.5139134820257266,0.5,0.005988023952095809,0.05582062484692922,0.5560020517841245
0.610369805229524,0.14814221318617904,0.5,0.005988023952095809,0.670700943421522,0.563077788333081
0.5,0.5,0.5,0.2754491017964072,0,0.563077788333081
0.5,0.5,0.5,0.20958083832335328,0,0.563077788333081
0.44567289379893893,0.8804889776232876,0.5,0.005988023952095809,0.7203110784389124,0.5706769000896977
0.5,0.5,0.5,0.005988023952095809,0,0.5706769000896977
0.5043455600324954,0.48337754657757276,0.5,0.24550898203592814,0.0007707765417880649,0.5710102920192206
0.5139540967931251,0.5261125411019921,0.5,0.005988023952095809,0.05058331270510113,0.5715439340216442
0.4674037362793634,0.5583078822914342,0.5,0.005988023952095809,0.11320737750917528,0.5727382451173865
0.5219214517059201,0.47563133463675833,0.5,0.005988023952095809,0.04925444804410876,0.5732578679114837
0.5108654212402122,0.48946435277709893,0.5,0.005988023952095809,0.021712144320319378,0.5734869259061539
0.5026791475328124,0.4843212595761255,0.5,0.32335329341317365,0.0005500910234353721,0.573800305746587
0.49026787193208426,0.5237211846165142,0.5,0.005988023952095809,0.04549236276469333,0.5742802394295046
0.5002218833390106,0.4919531375994382,0.5,0.2874251497005988,0.0003168152976593486,0.5744406711046638
0.48853144037047214,0.517939092894551,0.5,0.005988023952095809,0.03511088611810483,0.5748110826608258
0.5,0.48793760039909156,0.5,0.23353293413173654,0.0005844677109896482,0.575051556517037
0.5619519876112787,0.486487364665229,0.5,0.005988023952095809,0.05560284585087651,0.5756381534086501
0.5116189599340634,0.4639267220538348,0.5,0.25149700598802394,0.0016379522362397305,0.5763639137969685
0.732948340883116,0.14625508154324945,0.5,0.005988023952095809,0.6937903204927233,0.5836832378208461
0.5,0.5,0.5,0.592814371257485,0,0.5836832378208461
0.5,0.5,0.5,0.017964071856287425,0,0.5836832378208461
0.09702629478604258,0.9055814647299919,0.5,0.005988023952095809,0.8310406747457123,0.5924505206667151
0.494576956173612,0.49318778157936694,0.5,0.23353293413173654,0.00034819754028597564,0.5925937833374519
0.49856067251678027,0.482463933947496,0.5,0.10179640718562874,0.0019504504239385625,0.592943588789909
0.5090545055004057,0.4745252211314598,0.5,0.1497005988023952,0.0019471116785646928,0.5934571279985553
0.542810134829401,0.4484864287792656,0.5,0.19760479041916168,0.0031259134341921346,0.5945453903977964
0.5295761066577931,0.47259971245969185,0.5,0.08982035928143713,0.0037929811015624546,0.5951456162198949
0.5306446510693263,0.4768951959226358,0.5,0.08383233532934131,0.003573726502068056,0.5956734438078021
0.5,0.5,0.5,0.005988023952095809,0,0.5956734438078021
0.49618755929489117,0.5253337610211919,0.5,0.005988023952095809,0.04796944650063302,0.5961795101391034
0.48790746553440345,0.5227532602631906,0.5,0.24550898203592814,0.0010747400467544977,0.5966443785393427
0.49643998476114376,0.5133435785632722,0.5,0.10778443113772455,0.0014096954922639302,0.5969120737204457
0.49925909493172976,0.5269318773976265,0.5,0.1317365269461078,0.0023134739763283206,0.5974490190097858
0.5002539260381124,0.5123822525689619,0.5,0.08383233532934131,0.00167139576202614,0.5976958786374036
0.5012010751011786,0.5134334077369229,0.5,0.10778443113772455,0.001411282284651826,0.5979638751436352
0.5002605916881111,0.5159014594092423,0.5,0.11377245508982035,0.0015815582196792336,0.598280891391744
0.5,0.5184012588683258,0.5,0.09580838323353294,0.002173296453397254,0.598647735620555
0.5,0.5218987298241978,0.5,0.08982035928143713,0.002758792809492979,0.5990843048092059
0.5035883225205084,0.5222546908811979,0.5,0.10179640718562874,0.0024795145424474567,0.5995289957871204
0.5047990323910055,0.5149417238925764,0.5,0.11976047904191617,0.0014246671486441657,0.5998295938260119
0.5,0.5,0.5,0.005988023952095809,0,0.5998295938260119
0.6431566781756564,0.29395204710967426,0.5,0.005988023952095809,0.4057511068915181,0.6041101721746359
0.5,0.5,0.5,0.5269461077844312,0,0.6041101721746359
0.5051467784822058,0.412176295126535,0.5,0.005988023952095809,0.16601062438350075,0.6058615450539896
0.5,0.5,0.5,0.2634730538922156,0,0.6058615450539896
0.5,0.5,0.5,0.31137724550898205,0,0.6058615450539896
0.49980939077450437,0.6348721181985356,0.5,0.005988023952095809,0.2548670395622087,0.6085503321276365
0.5,0.5,0.5,0.11377245508982035,0,0.6085503321276365
0.6006481125409131,0.33255590334564633,0.5,0.005988023952095809,0.3264345914314623,0.6119941399708941
0.5,0.5,0.5,0.17365269461077845,0,0.6119941399708941
0.5,0.5,0.5,0.17964071856287425,0,0.6119941399708941
0.14182235412330202,0.35073188186472815,0.5,0.005988023952095809,0.40138797248582747,0.61622868828201
0.5,0.5,0.5,0.38323353293413176,0,0.61622868828201
0.5,0.5,0.5,0.011976047904191617,0,0.61622868828201
0.6408692210724538,0.7467427795882386,0.5,0.005988023952095809,0.4796040274923174,0.6212883975006108
0.5036217948802995,0.4911966541236236,0.5,0.2275449101796407,0.0004443256934747622,0.6214665236834234
0.5222543316134066,0.4771798228991741,0.5,0.1437125748502994,0.0019429423469062802,0.6219584656725807
0.3734757609653808,0.6017538280436218,0.5,0.005988023952095809,0.21713749155905443,0.6242492149256461
0.3821959591850676,0.5532411001692304,0.5,0.005988023952095809,0.13763595482152222,0.6257012417425655
0.5377430422028424,0.49943704715647413,0.5,0.005988023952095809,0.03011042897433848,0.6260188996568538
0.5426992114595526,0.48037634904112314,0.5,0.005988023952095809,0.050339410881615684,0.6265499685526436
0.463400668049102,0.5206691516313777,0.5,0.005988023952095809,0.04875464473802957,0.6270643185399037
0.5289744505406803,0.5197844609879784,0.5,0.005988023952095809,0.04394764329985004,0.6275279557972944
0.4754098544402292,0.5036191087173131,0.5,0.005988023952095809,0.020763754108977076,0.6277470084992228
0.5587113928823138,0.3887727254212434,0.5,0.005988023952095809,0.21533471121398004,0.630018738845423
0.5646206631654727,0.451423508255488,0.5,0.005988023952095809,0.1052645678949199,0.6311292551756439
0.44452916524733765,0.541418709242402,0.5,0.005988023952095809,0.08989931715784033,0.6320776717395076
0.46892871988126966,0.5094900867144693,0.5,0.005988023952095809,0.030582295154827355,0.632400307730556
0.5304994158429297,0.47941131321910385,0.5,0.005988023952095809,0.04588018444018421,0.6328843328405555
0.5646206631654727,0.47177095200495767,0.5,0.005988023952095809,0.07416180567161076,0.6336667223750778
0.4830346809514764,0.5156023695091739,0.5,0.005988023952095809,0.03243828691775576,0.6340089386408827
0.5242089454084363,0.49171625197490737,0.5,0.005988023952095809,0.02485109171896153,0.6342711117892612
0.5562333082539587,0.47522922174029947,0.5,0.005988023952095809,0.06481620702537516,0.6349549074652813
0.4626382128474626,0.5095705216469855,0.5,0.005988023952095809,0.03484802792834112,0.6353225459296225
0.4790316310208719,0.523162295790804,0.5,0.005988023952095809,0.04685359503763504,0.6358168402915277
0.42775449202362337,0.5698085962194157,0.5,0.005988023952095809,0.14394365726394642,0.6373354118794805
0.47331298826286544,0.6425928834621369,0.5,0.005988023952095809,0.2702956072324826,0.6401869666981759
0.45253526510854664,0.2686183160064478,0.5,0.005988023952095809,0.4388750648610844,0.6448169949802617
0.5,0.5,0.5,0.11377245508982035,0,0.6448169949802617
0.5,0.5,0.5,0.6526946107784432,0,0.6448169949802617
0.5,0.5,0.5,0.1317365269461078,0,0.6448169949802617
0.8942051318514521,0.5443944002657076,0.5,0.005988023952095809,0.3252941497275119,0.6482487714328886
0.5,0.5,0.5,0.09580838323353294,0,0.6482487714328886
0.23884863518460192,0.6419494667332251,0.5,0.005988023952095809,0.3395652428202633,0.6518311045471401
0.5,0.5,0.5,0.005988023952095809,0,0.6518311045471401
0.5025413465420012,0.49713204453518267,0.5,0.11377245508982035,0.0003045222751500108,0.6518921446706918
0.5314033914406302,0.47325723695693156,0.5,0.09580838323353294,0.003524861646617537,0.6524871279967805
0.5236229080484243,0.4567459963326483,0.5,0.005988023952095809,0.08387864148372173,0.6533720278542273
0.5,0.5,0.5,0.005988023952095809,0,0.6533720278542273
0.4938524590351431,0.5086538168504207,0.5,0.20359281437125748,0.0005021108622277122,0.653552130988549
0.38681855314733193,0.6209907391147751,0.5,0.005988023952095809,0.24579841008627273,0.6561452461630267
0.5,0.5,0.5,0.005988023952095809,0,0.6561452461630267
0.506125201658787,0.48911121848528105,0.5,0.23353293413173654,0.0005422571617627531,0.6563683528775557
0.4782438170697863,0.48869158138186514,0.5,0.005988023952095809,0.027523193385286922,0.656658716067425
0.5,0.5,0.5,0.005988023952095809,0,0.656658716067425
0.5217137391636638,0.47302032237953096,0.5,0.25748502994011974,0.0012521479116185885,0.6572267402512034
0.4649427732674258,0.06429671464791553,0.5,0.005988023952095809,0.8238200411635529,0.6659178471181283
0.5,0.5,0.5,0.005988023952095809,0,0.6659178471181283
0.5,0.5,0.5,0.2215568862275449,0,0.6659178471181283
0.5499428012201516,0.778510532251139,0.5,0.005988023952095809,0.5278037149895528,0.6714860516561669
0.5279774417751355,0.46895545141934125,0.5,0.19760479041916168,0.0019018844571602027,0.6721481779069418
0.4495292422431438,0.5808273790145474,0.5,0.005988023952095809,0.1579505846842581,0.6738145192710646
0.4771254289679743,0.5799421006278924,0.5,0.005988023952095809,0.15216294920790002,0.6754198024478182
0.5042458063156818,0.4927548908172803,0.5,0.2215568862275449,0.0003811704631859698,0.675568589007246
0.5175073754708125,0.4777462510521643,0.5,0.12574850299401197,0.0021099414715478335,0.6760360360755545
0.5912853355965373,0.12978840131568503,0.5,0.005988023952095809,0.703362061659229,0.6834563397081137
0.500953082726792,0.5,0.5,0.30538922155688625,0.00001489941595405603,0.683464356159404
0.5303088066174341,0.49903490434204983,0.5,0.1497005988023952,0.0009693285552021858,0.6837200108425107
0.5,0.5,0.5,0.005988023952095809,0,0.6837200108425107
0.4555852323123592,0.776097777664733,0.5,0.005988023952095809,0.5229405328344474,0.6892369099573847
0.5029166336167239,0.49753919523097606,0.5,0.10179640718562874,0.0003058335233767219,0.6892917599718781
0.5300898901102863,0.48121709694902476,0.5,0.09580838323353294,0.002677552270416117,0.6897437206771039
0.4650872376207785,0.596682009087179,0.5,0.005988023952095809,0.18480762694165132,0.6916933974940263
0.3905833140965816,0.5693260773433103,0.5,0.005988023952095809,0.15739226663949554,0.6933538487346386
0.513915351844711,0.53466297980082,0.5,0.005988023952095809,0.06643531922453738,0.6940547256619627
0.5,0.49656438009465476,0.5,0.19760479041916168,0.00019673543474289055,0.6941232175702436
0.50211768432446,0.48817351320719915,0.5,0.11377245508982035,0.0011795854665159684,0.6943596601837785
0.4971198421742437,0.5042439705171052,0.5,0.005988023952095809,0.008342072355988878,0.6944476670769285
0.5442241584621451,0.4731381316064969,0.5,0.005988023952095809,0.06180483017135687,0.6950996934383565
0.5,0.5,0.5,0.005988023952095809,0,0.6950996934383565
0.7201677461832474,0.3142995198120137,0.5,0.005988023952095809,0.39237116047457327,0.6992391165123173
0.5,0.5,0.5,0.16766467065868262,0,0.6992391165123173
0.5,0.5,0.5,0.029940119760479042,0,0.6992391165123173
0.5507053113207615,0.5545279046741843,0.5,0.005988023952095809,0.1106875262939772,0.7004068437728703
0.5,0.5,0.5,0.0658682634730539,0,0.7004068437728703
0.5,0.5,0.5,0.023952095808383235,0,0.7004068437728703
0.2098742029435785,0.21417084626477967,0.5,0.005988023952095809,0.587575050840008,0.7066056217875161
0.5,0.5,0.5,0.005988023952095809,0,0.7066056217875161
0.5,0.5,0.5,0.005988023952095809,0,0.7066056217875161
0.7367518101814661,0.8185620020560709,0.5,0.005988023952095809,0.6308839246677126,0.7132612981924842
0.5,0.5,0.5,0.005988023952095809,0,0.7132612981924842
0.5037647609492497,0.49020923290781804,0.5,0.2155688622754491,0.0005206512425861582,0.7134590371076477
0.5385531588606842,0.39301419248021197,0.5,0.005988023952095809,0.2044936892348112,0.7156163972323677
0.5,0.5,0.5,0.005988023952095809,0,0.7156163972323677
0.4880846725487315,0.5161936257130606,0.5,0.11377245508982035,0.001686402438485161,0.7159544290336619
0.461019443504325,0.6009046268628522,0.5,0.005988023952095809,0.19319492417703846,0.717992589855531
0.5041504834032772,0.49039743428188365,0.5,0.2754491017964072,0.0004009817837077838,0.7181871819588412
0.5105273785420439,0.5338103920993867,0.5,0.005988023952095809,0.06444022541528309,0.7188670111176729
0.5289744322410235,0.554688773574121,0.5,0.005988023952095809,0.10589539429477504,0.7199841825174257
0.483987800277582,0.4822261353424727,0.5,0.005988023952095809,0.035931488068233944,0.7203632512303542
0.5129622325186054,0.5432684357078207,0.5,0.005988023952095809,0.08241461075234856,0.7212327059093555
0.4914220358629904,0.5022519291157739,0.5,0.005988023952095809,0.008054869650300809,0.7213176828817911
0.4836065818265907,0.4786070266251596,0.5,0.005988023952095809,0.0424864928193756,0.7217659053467028
0.5604269674100588,0.506273121776676,0.5,0.005988023952095809,0.049613968299998666,0.7222893209945893
0.4485322151779422,0.39038120789014,0.5,0.005988023952095809,0.21117110160331276,0.7245171262427458
0.5,0.5,0.5,0.005988023952095809,0,0.7245171262427458
0.5088735996679419,0.5144654491853781,0.5,0.2155688622754491,0.0007843317240091448,0.7248150087628441
0.4678706108490412,0.6397086120901263,0.5,0.005988023952095809,0.26524630860862514,0.7276132946735863
0.5,0.5,0.5,0.005988023952095809,0,0.7276132946735863
0.5,0.492049859486278,0.5,0.20958083832335328,0.00042923801634270727,0.7277717872629555
0.6132291266085272,0.34895060094846675,0.5,0.005988023952095809,0.2993725010562941,0.7309300964441985
0.42603886259690776,0.5681196788180028,0.5,0.005988023952095809,0.14158874032084492,0.7324238242145787
0.5,0.5,0.5,0.1437125748502994,0,0.7324238242145787
0.5114857338574588,0.49371209295784413,0.5,0.2155688622754491,0.0004167067644659632,0.7325820859007269
0.5117373175394974,0.4883309077627673,0.5,0.1497005988023952,0.000958179152097691,0.7328347999945956
0.4735364087730494,0.5175548564649642,0.5,0.005988023952095809,0.03931446309846482,0.7332495582951122
0.5345025023728479,0.36247389866006685,0.5,0.005988023952095809,0.261333989917969,0.7360065701676675
0.49027830731138905,0.4840759216438223,0.5,0.005988023952095809,0.031073820197869025,0.7363343916318332
0.4998093541751907,0.5,0.5,0.10778443113772455,0.000008444299252331142,0.7363359951683629
0.4734589211636785,0.5,0.5,0.11377245508982035,0.0011137142928059837,0.7365592342007155
0.44785166009042565,0.5026131624903533,0.5,0.17964071856287425,0.0013956284782972587,0.7370009407256358
0.480704782369181,0.5020219352393364,0.5,0.09580838323353294,0.0009906881408111251,0.7371681651401607
0.48224393448038455,0.5012060453002967,0.5,0.19161676646706588,0.0004480865165044733,0.737319435761645
0.4675578720013484,0.5057707817659477,0.5,0.2754491017964072,0.000610221281578307,0.7376155695200641
0.48177032563699485,0.288291565161378,0.5,0.005988023952095809,0.4003280192082107,0.7418389355744378
0.5,0.5,0.5,0.09580838323353294,0,0.7418389355744378
0.5,0.5,0.5,0.39520958083832336,0,0.7418389355744378
0.5,0.5,0.5,0.011976047904191617,0,0.7418389355744378
0.5726267630266816,0.7859095886677365,0.5,0.005988023952095809,0.5433755447909214,0.7475714192391729
0.5,0.5,0.5,0.005988023952095809,0,0.7475714192391729
0.5078683354697116,0.4914140419205769,0.5,0.11377245508982035,0.0009155454053024715,0.7477549362072811
0.45038557239684157,0.5147786449235829,0.5,0.005988023952095809,0.04842140779985438,0.7482657706235465
0.4780785482940799,0.5042625264113206,0.5,0.005988023952095809,0.019244278900465723,0.7484687932208902
0.5205871139288232,0.49388771720529523,0.5,0.005988023952095809,0.020070307069860197,0.7486805302203322
0.68128093882949,0.5664307314986247,0.5,0.005988023952095809,0.19143647666827607,0.7507001398362887
0.4363324927599467,0.5024932030302613,0.5,0.005988023952095809,0.0509787679225229,0.7512379537978585
0.5041936225567865,0.511018136181041,0.5,0.005988023952095809,0.021087646117212026,0.751460423483978
0.49790318872160677,0.30931320254029154,0.5,0.005988023952095809,0.36034352078776444,0.7552619625234351
0.4952441433618174,0.5002506990386831,0.5,0.2155688622754491,0.00010614477920873091,0.7553022754080961
0.4654379528312986,0.5031038981908904,0.5,0.11377245508982035,0.001482780799836846,0.7555994921656477
0.4509440367489317,0.5100470907083595,0.5,0.08982035928143713,0.002898388580656975,0.7560581518905456
0.6678630013942417,0.4775907422935117,0.5,0.005988023952095809,0.14037292533468415,0.7575390530999693
0.47608299130435994,0.5343092867186161,0.5,0.19760479041916168,0.00204787947668499,0.7582520063789298
0.39010076815828965,0.5413703183810167,0.5,0.005988023952095809,0.11742636814205888,0.7594908268294205
0.595120115607716,0.5907189619293501,0.5,0.005988023952095809,0.18745628158698185,0.7614684463272999
0.4963781685203868,0.4954157956247367,0.5,0.005988023952095809,0.009131338198596444,0.7615647797886829
0.1761342106713406,0.16004506896348913,0.5,0.005988023952095809,0.6923612968861745,0.7688690279510141
0.5,0.5,0.5,0.20359281437125748,0,0.7688690279510141
0.2922226312093858,0.5091684087505266,0.5,0.005988023952095809,0.16655950689427515,0.770626191411223
0.5,0.5,0.5,0.1497005988023952,0,0.770626191411223
0.9622569715219003,0.848962529757936,0.5,0.005988023952095809,0.75543198300932,0.7785958204163075
0.5,0.5,0.5,0.005988023952095809,0,0.7785958204163075
0.49650253070071665,0.48177686883726206,0.5,0.20359281437125748,0.0010161426070370366,0.778960302609808
0.4770010667876444,0.5153278441888874,0.5,0.005988023952095809,0.03428111086044732,0.7793219602329756
0.4980937979471024,0.4954962006392875,0.5,0.005988023952095809,0.008645428809326275,0.7794131674650625
0.5,0.49332603153236826,0.5,0.2275449101796407,0.00033188832304364735,0.7795462185151639
0.5,0.4807756641252697,0.5,0.11377245508982035,0.0019120056158599575,0.7799294714609996
0.5362180952002499,0.37896249041944935,0.5,0.005988023952095809,0.23053936712742545,0.7823616073360964
0.48431093790526586,0.5383594013661959,0.5,0.2155688622754491,0.002043301216249693,0.7831376357651205
0.5500009186427727,0.6144473915189685,0.5,0.005988023952095809,0.21991388826581731,0.7854576753477213
0.49951972321915444,0.499330546920428,0.5,0.005988023952095809,0.0013217422616158662,0.7854716194164162
0.48635860774271117,0.4845167068883909,0.5,0.08982035928143713,0.0020809793804285248,0.7858009270311768
0.4670381525976724,0.5093166715709792,0.5,0.005988023952095809,0.031631971632476726,0.7861346368611551
0.5093404742376196,0.5077207652636013,0.5,0.005988023952095809,0.016380522994480617,0.786307447510044
0.5049561326573965,0.5058709789622517,0.5,0.005988023952095809,0.011777022683660212,0.7864316923178946
0.5022874571032026,0.49742645082602305,0.5,0.005988023952095809,0.00519393068454994,0.7864864870599296
0.4931376286903923,0.5058709789622517,0.5,0.005988023952095809,0.012370074300886746,0.7866169884222769
0.49085017158718974,0.48745375644664785,0.5,0.005988023952095809,0.024805480543951174,0.7868786803835314
0.49428135724199357,0.501528048501476,0.5,0.005988023952095809,0.005396801955393949,0.7869356153695604
0.5547083246520523,0.5514718076712323,0.5,0.005988023952095809,0.10659814487956121,0.788060200622009
0.5,0.4825029286375554,0.5,0.8083832335329342,0.00024491930226808005,0.7884090191292829
0.4898970888603978,0.5086503415409563,0.5,0.005988023952095809,0.01822327944445526,0.7886012704235023
0.4986224864700802,0.4847189851477233,0.5,0.3413173652694611,0.0005069704431470156,0.7889061302746072
0.5347362873511664,0.383062909713104,0.5,0.005988023952095809,0.22270396755269908,0.791255604534732
0.48856864814771284,0.5100637608056593,0.5,0.17365269461077845,0.0007271909961887748,0.791478083639388
0.46511034551243513,0.608643005122211,0.5,0.005988023952095809,0.20717789763947173,0.793663761528829
0.5008182851671573,0.4894577553831812,0.5,0.19161676646706588,0.0006228841573424182,0.7938740425127985
0.4633448746828978,0.5164936874644566,0.5,0.005988023952095809,0.04272590223271265,0.7943247906904779
0.5144872161205117,0.511018136181041,0.5,0.005988023952095809,0.02381007611755504,0.7945759813701256
0.5093404742376196,0.4855235651307475,0.5,0.005988023952095809,0.028351528294626067,0.7948750832976549
0.5722454713770629,0.3877272247487425,0.5,0.005988023952095809,0.21984101207796145,0.7971943540536854
0.5,0.5,0.5,0.005988023952095809,0,0.7971943540536854
0.4780316737231211,0.5141104300617402,0.5,0.16167664670658682,0.0011815678762237389,0.7975309161286304
0.456013361933623,0.6008163582488804,0.5,0.005988023952095809,0.1937129495220683,0.7995745419955438
0.49880489287440366,0.47136380227425995,0.5,0.46107784431137727,0.0007028835187919708,0.8001455166396552
0.4459148815984297,0.5012918403740971,0.5,0.005988023952095809,0.04318982554576899,0.8006011590987194
0.503192896673449,0.4965495948291748,0.5,0.2994011976047904,0.00013999044187450627,0.800675002403682
0.5167098924385516,0.4798853778572456,0.5,0.1377245508982036,0.0017511986511898542,0.8010999212437576
0.4848627343199002,0.5740716804560265,0.5,0.005988023952095809,0.1404921078536557,0.8025820798006083
0.5426991748602389,0.5155219944125886,0.5,0.005988023952095809,0.04493644177661651,0.8030561486483972
0.5733892731272916,0.501528048501476,0.5,0.005988023952095809,0.0585827306093745,0.8036741826204322
0.41593595145730555,0.49388774712326067,0.5,0.005988023952095809,0.0680102462393779,0.8043916746558014
0.5333587738212466,0.511581147895402,0.5,0.005988023952095809,0.03444272145173379,0.8047550372325384
0.4763629188673643,0.4869712086176728,0.5,0.005988023952095809,0.03100500017461221,0.8050821326617125
0.45120092733144973,0.4860865179742734,0.5,0.005988023952095809,0.046957259245881275,0.8055775206565318
0.4738848525386661,0.5253337610211919,0.5,0.005988023952095809,0.052204811123701185,0.8061282690843108
0.6357224791895617,0.31043913814530866,0.5,0.005988023952095809,0.37419894843445967,0.8100759796131072
0.47553339542345896,0.5153610955946865,0.5,0.1497005988023952,0.0013989254682290123,0.8104449379455019
0.47547684948386776,0.6187871709424211,0.5,0.005988023952095809,0.22532125096083103,0.8128220239274403
0.5,0.5,0.5,0.005988023952095809,0,0.8128220239274403
0.501493746087705,0.47940123955062613,0.5,0.1437125748502994,0.0016226484274149738,0.8132328693116878
0.4981250354613037,0.5304105859288123,0.5,0.005988023952095809,0.05748613259290967,0.8138393344336403
0.5101029111396023,0.530480918239981,0.5,0.005988023952095809,0.05816007102696008,0.8144529094469034
0.4557758415378549,0.49774812975506133,0.5,0.005988023952095809,0.035514728390027894,0.814827581443656
0.4531071293843473,0.4757117396513091,0.5,0.005988023952095809,0.0591973359297154,0.8154520993566649
0.5598551397335718,0.3215377372466399,0.5,0.005988023952095809,0.34059867264892746,0.8190453349115364
0.5,0.5,0.5,0.17964071856287425,0,0.8190453349115364
0.5,0.5,0.5,0.46706586826347307,0,0.8190453349115364
0.51849030265043,0.5603184786218853,0.5,0.005988023952095809,0.11493280591595956,0.8202578488694638
0.4975218970719881,0.5022116981381766,0.5,0.0718562874251497,0.0003852413719893369,0.8203066193353359
0.5001906458248093,0.4998793630427562,0.5,0.017964071856287425,0.00009133096896809377,0.8203095098957929
0.530499379243616,0.6606079921161864,0.5,0.005988023952095809,0.3044724721073022,0.8235216225671281
0.5,0.5,0.5,0.19161676646706588,0,0.8235216225671281
0.4995241929103341,0.49329239698359306,0.5,0.11377245508982035,0.0006674205595774251,0.823655404023337
0.4878516538685425,0.4855417668348565,0.5,0.1377245508982036,0.0012603313728603734,0.823961216584752
0.49222768511710957,0.34069294814486956,0.5,0.005988023952095809,0.30110530478295355,0.8271378064360627
0.21387725287418302,0.23918289843896778,0.5,0.005988023952095809,0.5430962826317782,0.8328673439509741
0.5,0.5,0.5,0.005988023952095809,0,0.8328673439509741
0.5,0.5,0.5,0.25748502994011974,0,0.8328673439509741
0.6749904683949967,0.843011101386733,0.5,0.005988023952095809,0.6630306426788087,0.8398621606386435
0.5,0.5,0.5,0.005988023952095809,0,0.8398621606386435
0.5008198200508736,0.48167478680913806,0.5,0.15568862275449102,0.0013321233935731276,0.8402275539054609
0.5395918977061627,0.5416483190107675,0.5,0.005988023952095809,0.08479673415629481,0.8411221394237711
0.46778499132966833,0.5056297639185995,0.5,0.005988023952095809,0.02780035204258188,0.8414154265720164
0.41650781573310613,0.49195749693652513,0.5,0.005988023952095809,0.06827922163618004,0.842135756234296
0.5110560304657079,0.5051472160896243,0.5,0.005988023952095809,0.013126578812429401,0.842274238540571
0.5331681279964373,0.5158436144707917,0.5,0.005988023952095809,0.03994586327488963,0.8426956579638267
0.6082729939511308,0.3412417941851632,0.5,0.005988023952095809,0.3121768321705575,0.8459890498142365
0.5,0.5,0.5,0.11976047904191617,0,0.8459890498142365
0.5,0.5,0.5,0.41916167664670656,0,0.8459890498142365
0.5371711424580536,0.563776717951059,0.5,0.005988023952095809,0.12410871372332014,0.8472983674323932
0.5,0.5,0.5,0.005988023952095809,0,0.8472983674323932
0.5,0.5,0.5,0.011976047904191617,0,0.8472983674323932
0.5139153873136992,0.4176451901565073,0.5,0.005988023952095809,0.15602032121176213,0.848944344972765
0.5,0.5,0.5,0.18562874251497005,0,0.848944344972765
0.5,0.5,0.5,0.11976047904191617,0,0.848944344972765
0.5,0.5,0.5,0.09580838323353294,0,0.848944344972765
0.5,0.5,0.5,0.1497005988023952,0,0.848944344972765
0.5,0.5,0.5,0.005988023952095809,0,0.848944344972765
0.4965688143451961,0.5514717487890874,0.5,0.005988023952095809,0.09730430207513292,0.849970882378619
0.5,0.5,0.5,0.49700598802395207,0,0.849970882378619
0.4796035307656607,0.45834004724927857,0.5,0.005988023952095809,0.08038653627811916,0.8508189413509016
0.5,0.5,0.5,0.38323353293413176,0,0.8508189413509016
0.5207776888156561,0.48978606113590006,0.5,0.005988023952095809,0.02543530306927325,0.8510872777910488
0.5,0.5,0.5,0.2275449101796407,0,0.8510872777910488
0.5,0.5,0.5,0.19161676646706588,0,0.8510872777910488
0.3875333823617572,0.6980054493386483,0.5,0.005988023952095809,0.38476368542399303,0.8551464437999368
0.5,0.5,0.5,0.005988023952095809,0,0.8551464437999368
0.5,0.5,0.5,0.2754491017964072,0,0.8551464437999368
0.5722455085415394,0.28478369772949524,0.5,0.005988023952095809,0.4107515394266425,0.8594797755308191
0.5,0.5,0.5,0.2754491017964072,0,0.8594797755308191
0.49256576441459166,0.6217628923605851,0.5,0.005988023952095809,0.23017090021390488,0.8619080241670019
0.5,0.5,0.5,0.2634730538922156,0,0.8619080241670019
0.5,0.5,0.5,0.23952095808383234,0,0.8619080241670019
0.4288982200100619,0.5731864010929661,0.5,0.005988023952095809,0.1494669179184339,0.8634848648503922
0.5,0.5,0.5,0.20958083832335328,0,0.8634848648503922
0.5,0.48864822725670115,0.5,0.1437125748502994,0.0008938072342158763,0.8637111717757745
0.4614944837306985,0.54754285991643,0.5,0.005988023952095809,0.09494180500309886,0.864712785395486
0.5457491420640515,0.4641306506493617,0.5,0.005988023952095809,0.07697281957815202,0.8655248304628255
0.6282882075700024,0.3019140867533464,0.5,0.005988023952095809,0.3880440320526175,0.869618603353903
0.5099123373830947,0.7169052785766818,0.5,0.005988023952095809,0.4099607214077564,0.8739435921414591
0.5,0.5,0.5,0.1377245508982036,0,0.8739435921414591
0.5,0.4917859662403248,0.5,0.1317365269461078,0.0007055458173013826,0.8741073456597134
0.5015249481329181,0.4873840132057413,0.5,0.005988023952095809,0.02387133251263338,0.8743591825798618
0.46816624524964784,0.4987132254243212,0.5,0.005988023952095809,0.025496512853059778,0.8746281647687715
0.457682008686927,0.5522760344405554,0.5,0.005988023952095809,0.10438841950172777,0.8757294379403704
0.4855127833143255,0.4157149399358427,0.5,0.005988023952095809,0.15969120774180492,0.8774141424666552
0.2733511369922871,0.15361110797770489,0.5,0.005988023952095809,0.6790534478946636,0.8845779959651336
0.5,0.5,0.5,0.38922155688622756,0,0.8845779959651336
0.752192110724258,0.8003056038075569,0.5,0.005988023952095809,0.6020529624360582,0.8909295125277681
0.49720622800514924,0.491185962311377,0.5,0.49101796407185627,0.00020492815661892128,0.891106791907315
0.48373164110277117,0.34072652429404776,0.5,0.005988023952095809,0.3012574298335498,0.8942849866419812
0.48871164910708537,0.5157701602071162,0.5,0.23952095808383234,0.0007782531969778932,0.8946134021388855
0.4670641918656067,0.544467913411528,0.5,0.005988023952095809,0.08803803991967722,0.8955421826674775
0.5,0.5,0.5,0.16167664670658682,0,0.8955421826674775
0.5,0.5,0.5,0.4431137724550898,0,0.8955421826674775
0.5207777237194815,0.5324915440001948,0.5,0.005988023952095809,0.06359452800501872,0.8962130899183652
0.5,0.5,0.5,0.23353293413173654,0,0.8962130899183652
0.5,0.5,0.5,0.011976047904191617,0,0.8962130899183652
0.5650019176506149,0.5176129957575906,0.5,0.005988023952095809,0.06159177243709944,0.8968628685710163
0.5,0.5,0.5,0.005988023952095809,0,0.8968628685710163
0.5,0.5,0.5,0.2874251497005988,0,0.8968628685710163
0.3385436644335603,0.5763229914336863,0.5,0.005988023952095809,0.19331749213381008,0.8989023224558814
0.5120039142179994,0.4840441719758758,0.5,0.24550898203592814,0.0007715624983413037,0.8992360543433008
0.591503519701917,0.39153889315179397,0.5,0.005988023952095809,0.21755486307311406,0.901531206767266
0.5,0.5,0.5,0.11377245508982035,0,0.901531206767266
0.5,0.5,0.5,0.005988023952095809,0,0.901531206767266
0.6168509220539895,0.617178717437704,0.5,0.005988023952095809,0.2402318147574472,0.9040655956757263
0.5,0.5,0.5,0.2874251497005988,0,0.9040655956757263
0.5,0.5,0.5,0.005988023952095809,0,0.9040655956757263
0.5394586350302444,0.4959787484569529,0.5,0.005988023952095809,0.03236417261809641,0.9044070300531738
0.5,0.5,0.5,0.47904191616766467,0,0.9044070300531738
0.5,0.5,0.5,0.017964071856287425,0,0.9044070300531738
0.45253526510854664,0.4222293945317706,0.5,0.005988023952095809,0.15175660843651131,0.9060080264307577
0.5,0.5,0.5,0.16167664670658682,0,0.9060080264307577
0.5,0.5,0.5,0.005988023952095809,0,0.9060080264307577
0.4527259098030305,0.555734274246622,0.5,0.005988023952095809,0.11186163756711477,0.9071881402879441
0.5,0.5,0.5,0.2994011976047904,0,0.9071881402879441
0.519252740682738,0.5617660926564284,0.5,0.005988023952095809,0.11772399589187607,0.9084301006409026
0.5,0.4923776056927449,0.5,0.20359281437125748,0.00042364678309156513,0.9085820593401062
0.5012420177240046,0.4902120603911671,0.5,0.17365269461077845,0.0006387136553329289,0.9087774694083204
0.4869394771786658,0.5261766587456448,0.5,0.005988023952095809,0.050549969171575754,0.9093107596443402
0.47521919144608854,0.44539166087019244,0.5,0.005988023952095809,0.10506734748628554,0.910419195345829
0.4965688143451961,0.5043429304607757,0.5,0.3772455089820359,0.00013731326386381303,0.9105104585635513
0.48719933615897193,0.5235819922362932,0.5,0.1377245508982036,0.0019876716552804635,0.9109927562935313
0.2455494372514695,0.1702413955528258,0.5,0.005988023952095809,0.6553335638298434,0.9179063706172172
0.5,0.5,0.5,0.31137724550898205,0,0.9179063706172172
0.6435379332259613,0.4987132106981301,0.5,0.005988023952095809,0.11446521494294135,0.9191139516008134
0.5,0.5,0.5,0.23952095808383234,0,0.9191139516008134
0.7096835794281775,0.7374135318557407,0.5,0.005988023952095809,0.4787740101260783,0.9241649043322314
0.5,0.4958835878102599,0.5,0.2155688622754491,0.00021607661801111485,0.9242469683945882
0.5027304564555257,0.49109139071232677,0.5,0.12574850299401197,0.0008083196274876935,0.9244260475990214
0.5109942861636898,0.5312814045228433,0.5,0.005988023952095809,0.059758636031982615,0.925056487095543
0.5,0.4975040284231981,0.5,0.25748502994011974,0.00010968887917657759,0.9251062463416239
0.5016240051894807,0.48945840338459706,0.5,0.1437125748502994,0.0008317676442302294,0.9253168451944775
0.48770114845714,0.522929798686194,0.5,0.005988023952095809,0.0444259387620602,0.9257855283560321
0.47140678620996784,0.5036191087173131,0.5,0.005988023952095809,0.023800443104050908,0.9260366174096624
0.5013664149578274,0.4856036756101672,0.5,0.30538922155688625,0.000533851916048595,0.9263238500028315
0.48147765676815335,0.5221170896534341,0.5,0.005988023952095809,0.04432673195028023,0.9267914865559521
0.5043843393195722,0.5032169953439612,0.5,0.005988023952095809,0.007012461772661179,0.9268654663714715
0.4744566824758041,0.5217950867595019,0.5,0.005988023952095809,0.04594590577399227,0.9273501848260206
0.5,0.5,0.5,0.20359281437125748,0,0.9273501848260206
0.5,0.4997587260855125,0.5,0.11976047904191617,0.00002279669000497045,0.9273549948199306
0.4980252811726259,0.48676009394249614,0.5,0.11377245508982035,0.0013194133918053258,0.9276194653136309
0.4928248904145638,0.5391366199109119,0.5,0.005988023952095809,0.07417713800838939,0.9284020166006851
0.5198246747661895,0.49308349093548454,0.5,0.005988023952095809,0.020509719014583972,0.928618389292365
0.5028593213790032,0.5041820910019115,0.5,0.005988023952095809,0.008225099523432033,0.9287051621497578
0.4674037362793634,0.5174521562987262,0.5,0.005988023952095809,0.04198830241391869,0.9291481288235531
0.4369042849674455,0.5298375014884498,0.5,0.005988023952095809,0.07556249289282811,0.9299452952774492
0.524018299583627,0.5612835742798356,0.5,0.005988023952095809,0.11737971188090497,0.9311836235154038
0.5,0.5,0.5,0.011976047904191617,0,0.9311836235154038
0.4992375259335409,0.4595200569397013,0.5,0.2215568862275449,0.002067489445771418,0.9319906499537024
0.41650781573310613,0.5505330424655344,0.5,0.005988023952095809,0.11640358156730442,0.9332186802473881
0.5,0.5,0.5,0.005988023952095809,0,0.9332186802473881
0.501715592827402,0.4798906792370219,0.5,0.11976047904191617,0.0019012532835180386,0.9336198357095642
0.5726267630266816,0.5147208896410111,0.5,0.005988023952095809,0.06423912857378801,0.9342975433442127
0.7007243259022001,0.06803924388548666,0.5,0.005988023952095809,0.8318130478926058,0.9430729745443647
0.5,0.5,0.5,0.281437125748503,0,0.9430729745443647
0.5,0.5,0.5,0.005988023952095809,0,0.9430729745443647
0.3177659407140788,0.7270387682589675,0.5,0.005988023952095809,0.4529673124542211,0.947851672710293
0.5,0.48882096547794984,0.5,0.2634730538922156,0.00048011252931666145,0.9480745359571741
0.5,0.46690527121358627,0.5,0.10778443113772455,0.0034743833904615808,0.9487343065927724
0.5133226505502931,0.46726715263293545,0.5,0.1497005988023952,0.0025104171069375626,0.9493964142821572
0.528639356647247,0.468155318668737,0.5,0.12574850299401197,0.0030649071671953417,0.9500754292639768
0.5665015605100981,0.455401067666524,0.5,0.10778443113772455,0.005531606183183048,0.951125857762276
0.5,0.5,0.5,0.005988023952095809,0,0.951125857762276
0.46340068634875886,0.8100369653902996,0.5,0.005988023952095809,0.5866011108417458,0.9573143609399625
0.5,0.4876243446440004,0.5,0.30538922155688625,0.0004585529051091713,0.9575610798072741
0.49619576225902934,0.48882824021633836,0.5,0.08383233532934131,0.0015234262647332603,0.9577860848293996
0.47895941557122557,0.4736156725078889,0.5,0.11377245508982035,0.002768669087500458,0.9583410521239656
0.484371323511377,0.4677117068889505,0.5,0.09580838323353294,0.003892144144730831,0.9589980313478369
0.4985368316380882,0.46996955595615375,0.5,0.08982035928143713,0.0037840220164454767,0.9595968394264546
0.5112809163780986,0.47477715664994585,0.5,0.09580838323353294,0.003031537670453866,0.9601085515295554
0.5234121597512568,0.4764632171702911,0.5,0.10778443113772455,0.0026797417729989906,0.960617423100167
0.5,0.5,0.5,0.8982035928143712,0,0.960617423100167
0.49104081628167356,0.5530802611872591,0.5,0.005988023952095809,0.10055944584693285,0.9616783015040232
0.4900273488065669,0.530895637221579,0.5,0.23952095808383234,0.0014730551710537031,0.9622999168701375
0.5005547614013413,0.559289618556603,0.5,0.12574850299401197,0.0053352425072840225,0.9634819133863327
0.6054910881265998,0.6266395883428768,0.5,0.16167664670658682,0.009394788421859073,0.9661579589598083
0.5,0.5,0.5,0.5329341317365269,0,0.9661579589598083
0.08921080528065473,0,0.5,0.005988023952095809,1,0.9767077227828025
0.4975636082736992,0.5,0.5,0.2934131736526946,0.00003964239258851225,0.9767282154588827
0.49938646055663916,0.4999195802705678,0.5,0.12574850299401197,0.0000243915708984577,0.9767336192904399
0.5,0.5,0.5,0.005988023952095809,0,0.9767336192904399
0.6938619894964179,0.49903490434204983,0.5,0.005988023952095809,0.15457231735893237,0.9783643207321495
0.5,0.5,0.5,0.2275449101796407,0,0.9783643207321495
0.5453678875789092,0.8379443491938043,0.5,0.005988023952095809,0.6396348423764908,0.9851123172521797
0.5,0.5,0.5,0.005988023952095809,0,0.9851123172521797
0.5060872271545186,0.4926568437278104,0.5,0.23952095808383234,0.0003675133659899753,0.9852674044206992
0.5203242532195302,0.48019763196368076,0.5,0.10778443113772455,0.002265453219906662,0.9856976043562962
0.6157920796058274,0.5294777995453789,0.5,0.005988023952095809,0.10782207900801569,0.986835101824735
0.4330918797313248,0.5019301913159003,0.5,0.005988023952095809,0.05346880904223674,0.9873991851320273
0.45749143380009405,0.4559273081044032,0.5,0.005988023952095809,0.08991557580504031,0.988347773220779
0.5333587377870956,0.5279073690773137,0.5,0.005988023952095809,0.05906335458442008,0.9889708776622385
0.4891345787597878,0.5171304184762333,0.5,0.005988023952095809,0.033510305136554557,0.9893244034670656
0.47731607366245815,0.47683773366157817,0.5,0.005988023952095809,0.04735881141779566,0.9898240277424611
0.5,0.5,0.5,0.005988023952095809,0,0.9898240277424611
0.5063865623613829,0.48328830604064527,0.5,0.23353293413173654,0.0008202011875322396,0.9901614919662776
0.5359313940478646,0.5792016083592457,0.5,0.005988023952095809,0.15238375986978142,0.9917691046433635
0.5013790501426321,0.49283688613982973,0.5,0.2754491017964072,0.0002952319833846382,0.9919123775174579
0.499485447805551,0.4757903185955478,0.5,0.1377245508982036,0.001989161832266917,0.9923950368307889
0.4953230968156963,0.520032921283708,0.5,0.005988023952095809,0.03803928279410881,0.9927963422802628
0.5,0.4999029249484679,0.5,0.005988023952095809,0.0001834421148837466,0.9927982775512499
0.49564546854734276,0.4816072818776459,0.5,0.1377245508982036,0.0015186768320711967,0.9931667762349915
0.5140762241412682,0.5149511483645784,0.5,0.005988023952095809,0.030400407649100424,0.9934874933558123
0.5058102303959277,0.48154348801793156,0.5,0.3413173652694611,0.0006172533875638619,0.9938586703709037
0.4705526896017622,0.49038827399350826,0.5,0.005988023952095809,0.029683364376895397,0.9941718228545517
0.5,0.48387237623085555,0.5,0.23952095808383234,0.0007619067323603354,0.9944933402978138
0.5686237130960772,0.5556161407418602,0.5,0.005988023952095809,0.11848581192219615,0.9957433376299686
0.5,0.5,0.5,0.15568862275449102,0,0.9957433376299686
0.4903668932203235,0.48554618456023074,0.5,0.1377245508982036,0.001233589205071858,0.9960426613496349
0.4400563098264819,0.4888787805040899,0.5,0.005988023952095809,0.05220827771058169,0.996593446349087
0.5,0.5,0.5,0.005988023952095809,0,0.996593446349087
0.5,0.5,0.5,0.25748502994011974,0,0.996593446349087
0.5008748992881603,0.46435272161069424,0.5,0.15568862275449102,0.0025910018985703803,0.997304142259553
0.5574552568435052,0.5636350524698606,0.5,0.005988023952095809,0.12868019036823403,0.9986616878766357
0.46873803971779765,0.5001608689112464,0.5,0.005988023952095809,0.024926271946337793,0.9989246541586573
0.48036603973594516,0.4856843751372297,0.5,0.005988023952095809,0.0312547057838078,0.9992543839230336
0.495234441099111,0.5058710378557063,0.5,0.005988023952095809,0.011727022874724309,0.9993781012447087
0.48303468151663914,0.4967025702004155,0.5,0.005988023952095809,0.01489231054367046,0.9995352116037232
0.49926136524630776,0.4766878504888698,0.5,0.25149700598802394,0.0010489704388853282,1